Tags,count
Website,1102
Simple Bundles 2.0 - Bundle Order,758
Simple Bundles 2.0 - Bundle Order- Website,292
Etsy,184
Simple Bundles - Bundle Order,175
preorder,132
preorder- Website,76
Faire- Wholesale,56
preorder- Simple Bundles 2.0 - Bundle Order,46
ReSell Post-Purchase Upsell- Website,40
Simple Bundles - Bundle Order- Website,31
ReSell Post-Purchase Upsell,23
preorder- Simple Bundles 2.0 - Bundle Order- Website,23
Online Store,16
ReSell Post-Purchase Upsell- Simple Bundles 2.0 - Bundle Order- Website,13
Faire- preorder- Wholesale,10
ReSell Thank-You Upsell- Website,8
ReSell Thank-You Upsell- Simple Bundles 2.0 - Bundle Order- Website,7
Etsy- preorder,7
ReSell Post-Purchase Upsell- Simple Bundles - Bundle Order,6
Etsy- Simple Bundles - Bundle Order,4
Simple Bundles - Bundle Order- Simple Bundles 2.0 - Bundle Order- Website,3
Loox - Referral Friend Discount,3
ReSell Post-Purchase Upsell- Simple Bundles 2.0 - Bundle Order,3
preorder- ReSell Post-Purchase Upsell- Website,2
preorder- ReSell Thank-You Upsell- Website,2
Etsy- Simple Bundles - Associated Order,2
Etsy- Simple Bundles - Associated Order- Simple Bundles - Bundle Order,2
preorder- Simple Bundles - Bundle Order,1
preorder- ReSell Post-Purchase Upsell,1
Loox - Photo/Video Reminder Email,1
ReSell Thank-You Upsell- Simple Bundles 2.0 - Bundle Order,1
ReSell Post-Purchase Upsell- Simple Bundles - Bundle Order- Website,1
Loox - Referral Friend Discount- Website,1
FreeGift,1
preorder- ReSell Thank-You Upsell- Simple Bundles 2.0 - Bundle Order- Website,1
Loox - Review Request Email- Website,1
FreeGift- Simple Bundles - Bundle Order,1
FreeGift- Simple Bundles 2.0 - Bundle Order,1
ReSell Post-Purchase Upsell- Simple Bundles - Bundle Order- Simple Bundles 2.0 - Bundle Order- Website,1
Loox - Photo/Video Review Discount- Website,1
Loox - Referral Friend Discount- Simple Bundles 2.0 - Bundle Order- Website,1
Loox - Referral Advocate Reward,1
Simple Bundles - Bundle Order- Simple Bundles 2.0 - Bundle Order,1
